<?xml version="1.0" encoding="UTF-8" standalone="yes"?>
<addon 
  id="service.idle.actions" 
  name="IDLE Actions" 
  version="1.1.0" 
  provider-name="4lb3rtO">
  <requires>
    <!-- Those are the version on final release. Just depend on the python version for Betas/RCs -->
    <import addon="xbmc.python" version="2.19.0"/>
    <import addon="xbmc.gui"    version="5.3.0"/>
    <import addon="xbmc.addon"  version="14.0.0"/>
  </requires>
  <extension 
    point="xbmc.service" 
    library="default.py" 
    start="login"/>
  <extension point="xbmc.addon.metadata">
    <summary lang="en">Launch different actions when XBMC/Kodi isn't busy</summary>
    <description lang="en">Service to launch different actions when XBMC/Kodi goes to idle-state or wakes up.[CR]You can define different actions for the on-idle and after-idle event.[CR][CR]Available actions:[CR]-Minimize[CR]-Quit[CR]-Powerdown[CR]-Hibernate[CR]-Suspend[CR]-RunScript[CR]-RunAppleScript[CR]-PlayMedia[CR]-SlideShow[CR]-RecursiveSlideShow[CR]-PlayDVD[CR]-System.Exec[CR]-System.ExecWait[CR]-UpdateLibrary[CR]-CleanLibrary[CR]-ActivateScreensaver</description>
    <platform>all</platform>
    <language>en</language>
    <license>Creative Commons Attribution-NonCommercial-ShareAlike 4.0 International (CC BY-NC-SA 4.0)</license>
    <forum><!-- http://www.kodinerds.net/index.php/Thread/31418 --></forum>
    <website></website>
    <email>4lb3rtO@gmx.de</email>
    <source><!-- https://github.com/4lb3rtO/service.idle.actions.git --></source>
  </extension>
</addon>
